run-id,use_vernalisation_fix,sowing-date,harvest-date,crop-id,sim.json,crop.json,site.json,incl_hist,climate_path_to_latlon_file,climate_path_to_csvs,gcm,rcm,scenario,ensmem,version,start_date,end_date,groundwater-level,impenetrable-layer,elevation,slope,latitude,landcover,fertilization,NitrogenResponseOn,irrigation,WaterDeficitResponseOn,EmergenceMoistureControlOn,EmergenceFloodingControlOn,LeafExtensionModifier,CO2,O3,FieldConditionModifier,StageTemperatureSum,comment,region_name
1,True,fixed,auto,WW_sfix_hauto,sim.json,crop.json,site.json,False,dwd/csvs,dwd/csvs/germany_ubn_1901-01-01_to_2022-09-30,,,,,,2015-01-01,2020-12-31,False,False,True,True,True,False,False,True,False,True,False,False,False,,,0.71,100_256_230_100_267_25,historic_runs,Emsland
2,True,fixed,auto,WW_sfix_hauto,sim.json,crop.json,site.json,False,dwd/csvs,dwd/csvs/germany_ubn_1901-01-01_to_2022-09-30,,,,,,2015-01-01,2020-12-31,False,False,True,True,True,False,False,True,True,True,False,False,False,,,0.71,100_256_230_100_267_25,historic_runs,Emsland
3,True,fixed,auto,WW_sfix_hauto,sim.json,crop.json,site.json,False,dwd/csvs,dwd/csvs/germany_ubn_1901-2018_unzipped,,,,,,1999-01-01,2019-12-31,False,False,True,True,True,False,False,True,False,True,False,False,False,,,0.73,100_256_230_100_267_25,historic_runs,Göttingen
4,True,fixed,auto,WW_sfix_hauto,sim.json,crop.json,site.json,False,dwd/csvs,dwd/csvs/germany_ubn_1901-2018_unzipped,,,,,,1999-01-01,2019-12-31,False,False,True,True,True,False,False,True,False,True,False,False,False,,,0.73,100_256_230_100_267_25,historic_runs,Göttingen
5,True,fixed,auto,WW_sfix_hauto,sim.json,crop.json,site.json,False,dwd/csvs,dwd/csvs/germany_ubn_1901-2018_unzipped,,,,,,1999-01-01,2019-12-31,False,False,True,True,True,False,False,True,False,True,False,False,False,,,0.73,100_256_230_100_267_25,historic_runs,Göttingen
6,True,fixed,auto,WW_sfix_hauto,sim.json,crop.json,site.json,False,dwd/csvs,dwd/csvs/germany_ubn_1901-2018_unzipped,,,,,,1999-01-01,2019-12-31,False,False,True,True,True,False,False,True,False,True,False,False,False,,,0.73,100_256_230_100_267_25,historic_runs,Göttingen
7,True,fixed,auto,WW_sfix_hauto,sim.json,crop.json,site.json,False,dwd/csvs,dwd/csvs/germany_ubn_1901-2018_unzipped,,,,,,1999-01-01,2019-12-31,False,False,True,True,True,False,False,True,False,True,False,False,False,,,0.73,100_256_230_100_267_25,historic_runs,Göttingen
8,True,fixed,auto,WW_sfix_hauto,sim.json,crop.json,site.json,False,dwd/csvs,dwd/csvs/germany_ubn_1901-2018_unzipped,,,,,,1999-01-01,2019-12-31,False,False,True,True,True,False,False,True,False,True,False,False,False,,,0.73,100_256_230_100_267_25,historic_runs,Göttingen
9,True,fixed,auto,WW_sfix_hauto,sim.json,crop.json,site.json,False,dwd/csvs,dwd/csvs/germany_ubn_1901-2018_unzipped,,,,,,1999-01-01,2019-12-31,False,False,True,True,True,False,False,True,False,True,False,False,False,,,0.73,100_256_230_100_267_25,historic_runs,Göttingen
10,True,fixed,auto,WW_sfix_hauto,sim.json,crop.json,site.json,False,dwd/csvs,dwd/csvs/germany_ubn_1901-2018_unzipped,,,,,,1999-01-01,2019-12-31,False,False,True,True,True,False,False,True,False,True,False,False,False,,,0.73,100_256_230_100_267_25,historic_runs,Göttingen
11,True,fixed,auto,WW_sfix_hauto,sim.json,crop.json,site.json,False,dwd/csvs,dwd/csvs/germany_ubn_1901-2018_unzipped,,,,,,1999-01-01,2019-12-31,False,False,True,True,True,False,False,True,False,True,False,False,False,,,0.73,100_256_230_100_267_25,historic_runs,Göttingen
12,True,fixed,auto,WW_sfix_hauto,sim.json,crop.json,site.json,False,dwd/csvs,dwd/csvs/germany_ubn_1901-2018_unzipped,,,,,,1999-01-01,2019-12-31,False,False,True,True,True,False,False,True,False,True,False,False,False,,,0.73,100_256_230_100_267_25,historic_runs,Göttingen
13,True,fixed,auto,WW_sfix_hauto,sim.json,crop.json,site.json,False,dwd/csvs,dwd/csvs/germany_ubn_1901-2018_unzipped,,,,,,1999-01-01,2019-12-31,False,False,True,True,True,False,False,True,False,True,False,False,False,,,0.73,100_256_230_100_267_25,historic_runs,Göttingen
14,True,fixed,auto,WW_sfix_hauto,sim.json,crop.json,site.json,False,dwd/csvs,dwd/csvs/germany_ubn_1901-2018_unzipped,,,,,,1999-01-01,2019-12-31,False,False,True,True,True,False,False,True,False,True,False,False,False,,,0.73,100_256_230_100_267_25,historic_runs,Göttingen
15,True,fixed,auto,WW_sfix_hauto,sim.json,crop.json,site.json,False,dwd/csvs,dwd/csvs/germany_ubn_1901-2018_unzipped,,,,,,1999-01-01,2019-12-31,False,False,True,True,True,False,False,True,False,True,False,False,False,,,0.73,100_256_230_100_267_25,historic_runs,Dahme-Spreewald
16,True,fixed,auto,WW_sfix_hauto,sim.json,crop.json,site.json,False,dwd/csvs,dwd/csvs/germany_ubn_1901-2018_unzipped,,,,,,1999-01-01,2019-12-31,False,False,True,True,True,False,False,True,False,True,False,False,False,,,0.73,100_256_230_100_267_25,historic_runs,Dahme-Spreewald
17,True,fixed,auto,WW_sfix_hauto,sim.json,crop.json,site.json,False,dwd/csvs,dwd/csvs/germany_ubn_1901-2018_unzipped,,,,,,1999-01-01,2019-12-31,False,False,True,True,True,False,False,True,False,True,False,False,False,,,0.73,100_256_230_100_267_25,historic_runs,Dahme-Spreewald
18,True,fixed,auto,WW_sfix_hauto,sim.json,crop.json,site.json,False,dwd/csvs,dwd/csvs/germany_ubn_1901-2018_unzipped,,,,,,1999-01-01,2019-12-31,False,False,True,True,True,False,False,True,False,True,False,False,False,,,0.73,100_256_230_100_267_25,historic_runs,Dahme-Spreewald
19,True,fixed,auto,WW_sfix_hauto,sim.json,crop.json,site.json,False,dwd/csvs,dwd/csvs/germany_ubn_1901-2018_unzipped,,,,,,1999-01-01,2019-12-31,False,False,True,True,True,False,False,True,False,True,False,False,False,,,0.73,100_256_230_100_267_25,historic_runs,Dahme-Spreewald
20,True,fixed,auto,WW_sfix_hauto,sim.json,crop.json,site.json,False,dwd/csvs,dwd/csvs/germany_ubn_1901-2018_unzipped,,,,,,1999-01-01,2019-12-31,False,False,True,True,True,False,False,True,False,True,False,False,False,,,0.73,100_256_230_100_267_25,historic_runs,Dahme-Spreewald
21,True,fixed,auto,WW_sfix_hauto,sim.json,crop.json,site.json,False,dwd/csvs,dwd/csvs/germany_ubn_1901-2018_unzipped,,,,,,1999-01-01,2019-12-31,False,False,True,True,True,False,False,True,False,True,False,False,False,,,0.73,100_256_230_100_267_25,historic_runs,Göttingen
22,True,fixed,auto,WW_sfix_hauto,sim.json,crop.json,site.json,False,dwd/csvs,dwd/csvs/germany_ubn_1901-2018_unzipped,,,,,,1999-01-01,2019-12-31,False,False,True,True,True,False,False,True,False,True,False,False,False,,,0.73,100_256_230_100_267_25,historic_runs,Göttingen
23,True,fixed,auto,WW_sfix_hauto,sim.json,crop.json,site.json,False,dwd/csvs,dwd/csvs/germany_ubn_1901-2018_unzipped,,,,,,1999-01-01,2019-12-31,False,False,True,True,True,False,False,True,False,True,False,False,False,,,0.73,100_256_230_100_267_25,historic_runs,Göttingen
24,True,fixed,auto,WW_sfix_hauto,sim.json,crop.json,site.json,False,dwd/csvs,dwd/csvs/germany_ubn_1901-2018_unzipped,,,,,,1999-01-01,2019-12-31,False,False,True,True,True,False,False,True,False,True,False,False,False,,,0.73,100_256_230_100_267_25,historic_runs,Göttingen
25,True,fixed,auto,WW_sfix_hauto,sim.json,crop.json,site.json,False,dwd/csvs,dwd/csvs/germany_ubn_1901-2018_unzipped,,,,,,1999-01-01,2019-12-31,False,False,True,True,True,False,False,True,False,True,False,False,False,,,0.73,100_256_230_100_267_25,historic_runs,Göttingen
26,True,fixed,auto,WW_sfix_hauto,sim.json,crop.json,site.json,False,dwd/csvs,dwd/csvs/germany_ubn_1901-2018_unzipped,,,,,,1999-01-01,2019-12-31,False,False,True,True,True,False,False,True,False,True,False,False,False,,,0.73,100_256_230_100_267_25,historic_runs,Göttingen
27,True,fixed,auto,WW_sfix_hauto,sim.json,crop.json,site.json,False,dwd/csvs,dwd/csvs/germany_ubn_1901-2018_unzipped,,,,,,1999-01-01,2019-12-31,False,False,True,True,True,False,False,True,False,True,False,False,False,,,0.73,100_256_230_100_267_25,historic_runs,Göttingen
28,True,fixed,auto,WW_sfix_hauto,sim.json,crop.json,site.json,False,dwd/csvs,dwd/csvs/germany_ubn_1901-2018_unzipped,,,,,,1999-01-01,2019-12-31,False,False,True,True,True,False,False,True,False,True,False,False,False,,,0.73,100_256_230_100_267_25,historic_runs,Göttingen
29,True,fixed,auto,WW_sfix_hauto,sim.json,crop.json,site.json,False,dwd/csvs,dwd/csvs/germany_ubn_1901-2018_unzipped,,,,,,1999-01-01,2019-12-31,False,False,True,True,True,False,False,True,False,True,False,False,False,,,0.73,100_256_230_100_267_25,historic_runs,Göttingen
30,True,fixed,auto,WW_sfix_hauto,sim.json,crop.json,site.json,False,dwd/csvs,dwd/csvs/germany_ubn_1901-2018_unzipped,,,,,,1999-01-01,2019-12-31,False,False,True,True,True,False,False,True,False,True,False,False,False,,,0.73,100_256_230_100_267_25,historic_runs,Göttingen
31,True,fixed,auto,WW_sfix_hauto,sim.json,crop.json,site.json,False,dwd/csvs,dwd/csvs/germany_ubn_1901-2018_unzipped,,,,,,1999-01-01,2019-12-31,False,False,True,True,True,False,False,True,False,True,False,False,False,,,0.73,100_256_230_100_267_25,historic_runs,Göttingen
32,True,fixed,auto,WW_sfix_hauto,sim.json,crop.json,site.json,False,dwd/csvs,dwd/csvs/germany_ubn_1901-2018_unzipped,,,,,,1999-01-01,2019-12-31,False,False,True,True,True,False,False,True,False,True,False,False,False,,,0.73,100_256_230_100_267_25,historic_runs,Göttingen
33,True,fixed,auto,WW_sfix_hauto,sim.json,crop.json,site.json,False,dwd/csvs,dwd/csvs/germany_ubn_1901-2018_unzipped,,,,,,1999-01-01,2019-12-31,False,False,True,True,True,False,False,True,False,True,False,False,False,,,0.73,100_256_230_100_267_25,historic_runs,Göttingen
34,True,fixed,auto,WW_sfix_hauto,sim.json,crop.json,site.json,False,dwd/csvs,dwd/csvs/germany_ubn_1901-2018_unzipped,,,,,,1999-01-01,2019-12-31,False,False,True,True,True,False,False,True,False,True,False,False,False,,,0.73,100_256_230_100_267_25,historic_runs,Göttingen
35,True,fixed,auto,WW_sfix_hauto,sim.json,crop.json,site.json,False,dwd/csvs,dwd/csvs/germany_ubn_1901-2018_unzipped,,,,,,1999-01-01,2019-12-31,False,False,True,True,True,False,False,True,False,True,False,False,False,,,0.73,100_256_230_100_267_25,historic_runs,Göttingen
36,True,fixed,auto,WW_sfix_hauto,sim.json,crop.json,site.json,False,dwd/csvs,dwd/csvs/germany_ubn_1901-2018_unzipped,,,,,,1999-01-01,2019-12-31,False,False,True,True,True,False,False,True,False,True,False,False,False,,,0.73,100_256_230_100_267_25,historic_runs,Göttingen
37,True,fixed,auto,WW_sfix_hauto,sim.json,crop.json,site.json,False,dwd/csvs,dwd/csvs/germany_ubn_1901-2018_unzipped,,,,,,1999-01-01,2019-12-31,False,False,True,True,True,False,False,True,False,True,False,False,False,,,0.73,100_256_230_100_267_25,historic_runs,Göttingen
38,True,fixed,auto,WW_sfix_hauto,sim.json,crop.json,site.json,False,dwd/csvs,dwd/csvs/germany_ubn_1901-2018_unzipped,,,,,,1999-01-01,2019-12-31,False,False,True,True,True,False,False,True,False,True,False,False,False,,,0.73,100_256_230_100_267_25,historic_runs,Göttingen
39,True,fixed,auto,WW_sfix_hauto,sim.json,crop.json,site.json,False,dwd/csvs,dwd/csvs/germany_ubn_1901-2018_unzipped,,,,,,1999-01-01,2019-12-31,False,False,True,True,True,False,False,True,False,True,False,False,False,,,0.73,100_256_230_100_267_25,historic_runs,Göttingen
40,True,fixed,auto,WW_sfix_hauto,sim.json,crop.json,site.json,False,dwd/csvs,dwd/csvs/germany_ubn_1901-2018_unzipped,,,,,,1999-01-01,2019-12-31,False,False,True,True,True,False,False,True,False,True,False,False,False,,,0.73,100_256_230_100_267_25,historic_runs,Göttingen
41,True,fixed,auto,WW_sfix_hauto,sim.json,crop.json,site.json,False,dwd/csvs,dwd/csvs/germany_ubn_1901-2018_unzipped,,,,,,1999-01-01,2019-12-31,False,False,True,True,True,False,False,True,False,True,False,False,False,,,0.73,100_256_230_100_267_25,historic_runs,Göttingen
42,True,fixed,auto,WW_sfix_hauto,sim.json,crop.json,site.json,False,dwd/csvs,dwd/csvs/germany_ubn_1901-2018_unzipped,,,,,,1999-01-01,2019-12-31,False,False,True,True,True,False,False,True,False,True,False,False,False,,,0.73,100_256_230_100_267_25,historic_runs,Göttingen
43,True,fixed,auto,WW_sfix_hauto,sim.json,crop.json,site.json,False,dwd/csvs,dwd/csvs/germany_ubn_1901-2018_unzipped,,,,,,1999-01-01,2019-12-31,False,False,True,True,True,False,False,True,False,True,False,False,False,,,0.73,100_256_230_100_267_25,historic_runs,Göttingen
44,True,fixed,auto,WW_sfix_hauto,sim.json,crop.json,site.json,False,dwd/csvs,dwd/csvs/germany_ubn_1901-2018_unzipped,,,,,,1999-01-01,2019-12-31,False,False,True,True,True,False,False,True,False,True,False,False,False,,,0.73,100_256_230_100_267_25,historic_runs,Göttingen
45,True,fixed,auto,WW_sfix_hauto,sim.json,crop.json,site.json,False,dwd/csvs,dwd/csvs/germany_ubn_1901-2018_unzipped,,,,,,1999-01-01,2019-12-31,False,False,True,True,True,False,False,True,False,True,False,False,False,,,0.73,100_256_230_100_267_25,historic_runs,Göttingen
46,True,fixed,auto,WW_sfix_hauto,sim.json,crop.json,site.json,False,dwd/csvs,dwd/csvs/germany_ubn_1901-2018_unzipped,,,,,,1999-01-01,2019-12-31,False,False,True,True,True,False,False,True,False,True,False,False,False,,,0.73,100_256_230_100_267_25,historic_runs,Göttingen
47,True,fixed,auto,WW_sfix_hauto,sim.json,crop.json,site.json,False,dwd/csvs,dwd/csvs/germany_ubn_1901-2018_unzipped,,,,,,1999-01-01,2019-12-31,False,False,True,True,True,False,False,True,False,True,False,False,False,,,0.73,100_256_230_100_267_25,historic_runs,Göttingen
48,True,fixed,auto,WW_sfix_hauto,sim.json,crop.json,site.json,False,dwd/csvs,dwd/csvs/germany_ubn_1901-2018_unzipped,,,,,,1999-01-01,2019-12-31,False,False,True,True,True,False,False,True,False,True,False,False,False,,,0.73,100_256_230_100_267_25,historic_runs,Göttingen
49,True,fixed,auto,WW_sfix_hauto,sim.json,crop.json,site.json,False,dwd/csvs,dwd/csvs/germany_ubn_1901-2018_unzipped,,,,,,1999-01-01,2019-12-31,False,False,True,True,True,False,False,True,False,True,False,False,False,,,0.73,100_256_230_100_267_25,historic_runs,Göttingen
50,True,fixed,auto,WW_sfix_hauto,sim.json,crop.json,site.json,False,dwd/csvs,dwd/csvs/germany_ubn_1901-2018_unzipped,,,,,,1999-01-01,2019-12-31,False,False,True,True,True,False,False,True,False,True,False,False,False,,,0.73,100_256_230_100_267_25,historic_runs,Göttingen
51,True,fixed,auto,WW_sfix_hauto,sim.json,crop.json,site.json,False,dwd/csvs,dwd/csvs/germany_ubn_1901-2018_unzipped,,,,,,1999-01-01,2019-12-31,False,False,True,True,True,False,False,True,False,True,False,False,False,,,0.73,100_256_230_100_267_25,historic_runs,Göttingen
52,True,fixed,auto,WW_sfix_hauto,sim.json,crop.json,site.json,False,dwd/csvs,dwd/csvs/germany_ubn_1901-2018_unzipped,,,,,,1999-01-01,2019-12-31,False,False,True,True,True,False,False,True,False,True,False,False,False,,,0.73,100_256_230_100_267_25,historic_runs,Göttingen
53,True,fixed,auto,WW_sfix_hauto,sim.json,crop.json,site.json,False,dwd/csvs,dwd/csvs/germany_ubn_1901-2018_unzipped,,,,,,1999-01-01,2019-12-31,False,False,True,True,True,False,False,True,False,True,False,False,False,,,0.73,100_256_230_100_267_25,historic_runs,Göttingen
54,True,fixed,auto,WW_sfix_hauto,sim.json,crop.json,site.json,False,dwd/csvs,dwd/csvs/germany_ubn_1901-2018_unzipped,,,,,,1999-01-01,2019-12-31,False,False,True,True,True,False,False,True,False,True,False,False,False,,,0.73,100_256_230_100_267_25,historic_runs,Göttingen
55,True,fixed,auto,WW_sfix_hauto,sim.json,crop.json,site.json,False,dwd/csvs,dwd/csvs/germany_ubn_1901-2018_unzipped,,,,,,1999-01-01,2019-12-31,False,False,True,True,True,False,False,True,False,True,False,False,False,,,0.73,100_256_230_100_267_25,historic_runs,Göttingen
56,True,fixed,auto,WW_sfix_hauto,sim.json,crop.json,site.json,False,dwd/csvs,dwd/csvs/germany_ubn_1901-2018_unzipped,,,,,,1999-01-01,2019-12-31,False,False,True,True,True,False,False,True,False,True,False,False,False,,,0.73,100_256_230_100_267_25,historic_runs,Göttingen
57,True,fixed,auto,WW_sfix_hauto,sim.json,crop.json,site.json,False,dwd/csvs,dwd/csvs/germany_ubn_1901-2018_unzipped,,,,,,1999-01-01,2019-12-31,False,False,True,True,True,False,False,True,False,True,False,False,False,,,0.73,100_256_230_100_267_25,historic_runs,Göttingen
58,True,fixed,auto,WW_sfix_hauto,sim.json,crop.json,site.json,False,dwd/csvs,dwd/csvs/germany_ubn_1901-2018_unzipped,,,,,,1999-01-01,2019-12-31,False,False,True,True,True,False,False,True,False,True,False,False,False,,,0.73,100_256_230_100_267_25,historic_runs,Göttingen
59,True,fixed,auto,WW_sfix_hauto,sim.json,crop.json,site.json,False,dwd/csvs,dwd/csvs/germany_ubn_1901-2018_unzipped,,,,,,1999-01-01,2019-12-31,False,False,True,True,True,False,False,True,False,True,False,False,False,,,0.73,100_256_230_100_267_25,historic_runs,Göttingen
60,True,fixed,auto,WW_sfix_hauto,sim.json,crop.json,site.json,False,dwd/csvs,dwd/csvs/germany_ubn_1901-2018_unzipped,,,,,,1999-01-01,2019-12-31,False,False,True,True,True,False,False,True,False,True,False,False,False,,,0.73,100_256_230_100_267_25,historic_runs,Göttingen
61,True,fixed,auto,WW_sfix_hauto,sim.json,crop.json,site.json,False,dwd/csvs,dwd/csvs/germany_ubn_1901-2018_unzipped,,,,,,1999-01-01,2019-12-31,False,False,True,True,True,False,False,True,False,True,False,False,False,,,0.73,100_256_230_100_267_25,historic_runs,Göttingen
62,True,fixed,auto,WW_sfix_hauto,sim.json,crop.json,site.json,False,dwd/csvs,dwd/csvs/germany_ubn_1901-2018_unzipped,,,,,,1999-01-01,2019-12-31,False,False,True,True,True,False,False,True,False,True,False,False,False,,,0.73,100_256_230_100_267_25,historic_runs,Göttingen
63,True,fixed,auto,WW_sfix_hauto,sim.json,crop.json,site.json,False,dwd/csvs,dwd/csvs/germany_ubn_1901-2018_unzipped,,,,,,1999-01-01,2019-12-31,False,False,True,True,True,False,False,True,False,True,False,False,False,,,0.73,100_256_230_100_267_25,historic_runs,Göttingen
64,True,fixed,auto,WW_sfix_hauto,sim.json,crop.json,site.json,False,dwd/csvs,dwd/csvs/germany_ubn_1901-2018_unzipped,,,,,,1999-01-01,2019-12-31,False,False,True,True,True,False,False,True,False,True,False,False,False,,,0.73,100_256_230_100_267_25,historic_runs,Göttingen
65,True,fixed,auto,WW_sfix_hauto,sim.json,crop.json,site.json,False,dwd/csvs,dwd/csvs/germany_ubn_1901-2018_unzipped,,,,,,1999-01-01,2019-12-31,False,False,True,True,True,False,False,True,False,True,False,False,False,,,0.73,100_256_230_100_267_25,historic_runs,Göttingen
66,True,fixed,auto,WW_sfix_hauto,sim.json,crop.json,site.json,False,dwd/csvs,dwd/csvs/germany_ubn_1901-2018_unzipped,,,,,,1999-01-01,2019-12-31,False,False,True,True,True,False,False,True,False,True,False,False,False,,,0.73,100_256_230_100_267_25,historic_runs,Göttingen
67,True,fixed,auto,WW_sfix_hauto,sim.json,crop.json,site.json,False,dwd/csvs,dwd/csvs/germany_ubn_1901-2018_unzipped,,,,,,1999-01-01,2019-12-31,False,False,True,True,True,False,False,True,False,True,False,False,False,,,0.73,100_256_230_100_267_25,historic_runs,Göttingen
68,True,fixed,auto,WW_sfix_hauto,sim.json,crop.json,site.json,False,dwd/csvs,dwd/csvs/germany_ubn_1901-2018_unzipped,,,,,,1999-01-01,2019-12-31,False,False,True,True,True,False,False,True,False,True,False,False,False,,,0.73,100_256_230_100_267_25,historic_runs,Göttingen
69,True,fixed,auto,WW_sfix_hauto,sim.json,crop.json,site.json,False,dwd/csvs,dwd/csvs/germany_ubn_1901-2018_unzipped,,,,,,1999-01-01,2019-12-31,False,False,True,True,True,False,False,True,False,True,False,False,False,,,0.73,100_256_230_100_267_25,historic_runs,Göttingen
70,True,fixed,auto,WW_sfix_hauto,sim.json,crop.json,site.json,False,dwd/csvs,dwd/csvs/germany_ubn_1901-2018_unzipped,,,,,,1999-01-01,2019-12-31,False,False,True,True,True,False,False,True,False,True,False,False,False,,,0.73,100_256_230_100_267_25,historic_runs,Göttingen
71,True,fixed,auto,WW_sfix_hauto,sim.json,crop.json,site.json,False,dwd/csvs,dwd/csvs/germany_ubn_1901-2018_unzipped,,,,,,1999-01-01,2019-12-31,False,False,True,True,True,False,False,True,False,True,False,False,False,,,0.73,100_256_230_100_267_25,historic_runs,Göttingen
72,True,fixed,auto,WW_sfix_hauto,sim.json,crop.json,site.json,False,dwd/csvs,dwd/csvs/germany_ubn_1901-2018_unzipped,,,,,,1999-01-01,2019-12-31,False,False,True,True,True,False,False,True,False,True,False,False,False,,,0.73,100_256_230_100_267_25,historic_runs,Göttingen
73,True,fixed,auto,WW_sfix_hauto,sim.json,crop.json,site.json,False,dwd/csvs,dwd/csvs/germany_ubn_1901-2018_unzipped,,,,,,1999-01-01,2019-12-31,False,False,True,True,True,False,False,True,False,True,False,False,False,,,0.73,100_256_230_100_267_25,historic_runs,Göttingen
74,True,fixed,auto,WW_sfix_hauto,sim.json,crop.json,site.json,False,dwd/csvs,dwd/csvs/germany_ubn_1901-2018_unzipped,,,,,,1999-01-01,2019-12-31,False,False,True,True,True,False,False,True,False,True,False,False,False,,,0.73,100_256_230_100_267_25,historic_runs,Göttingen
75,True,fixed,auto,WW_sfix_hauto,sim.json,crop.json,site.json,False,dwd/csvs,dwd/csvs/germany_ubn_1901-2018_unzipped,,,,,,1999-01-01,2019-12-31,False,False,True,True,True,False,False,True,False,True,False,False,False,,,0.73,100_256_230_100_267_25,historic_runs,Göttingen
76,True,fixed,auto,WW_sfix_hauto,sim.json,crop.json,site.json,False,dwd/csvs,dwd/csvs/germany_ubn_1901-2018_unzipped,,,,,,1999-01-01,2019-12-31,False,False,True,True,True,False,False,True,False,True,False,False,False,,,0.73,100_256_230_100_267_25,historic_runs,Göttingen
77,True,fixed,auto,WW_sfix_hauto,sim.json,crop.json,site.json,False,dwd/csvs,dwd/csvs/germany_ubn_1901-2018_unzipped,,,,,,1999-01-01,2019-12-31,False,False,True,True,True,False,False,True,False,True,False,False,False,,,0.73,100_256_230_100_267_25,historic_runs,Göttingen
78,True,fixed,auto,WW_sfix_hauto,sim.json,crop.json,site.json,False,dwd/csvs,dwd/csvs/germany_ubn_1901-2018_unzipped,,,,,,1999-01-01,2019-12-31,False,False,True,True,True,False,False,True,False,True,False,False,False,,,0.73,100_256_230_100_267_25,historic_runs,Göttingen
79,True,fixed,auto,WW_sfix_hauto,sim.json,crop.json,site.json,False,dwd/csvs,dwd/csvs/germany_ubn_1901-2018_unzipped,,,,,,1999-01-01,2019-12-31,False,False,True,True,True,False,False,True,False,True,False,False,False,,,0.73,100_256_230_100_267_25,historic_runs,Göttingen
80,True,fixed,auto,WW_sfix_hauto,sim.json,crop.json,site.json,False,dwd/csvs,dwd/csvs/germany_ubn_1901-2018_unzipped,,,,,,1999-01-01,2019-12-31,False,False,True,True,True,False,False,True,False,True,False,False,False,,,0.73,100_256_230_100_267_25,historic_runs,Göttingen
81,True,fixed,auto,WW_sfix_hauto,sim.json,crop.json,site.json,False,dwd/csvs,dwd/csvs/germany_ubn_1901-2018_unzipped,,,,,,1999-01-01,2019-12-31,False,False,True,True,True,False,False,True,False,True,False,False,False,,,0.73,100_256_230_100_267_25,historic_runs,Göttingen
82,True,fixed,auto,WW_sfix_hauto,sim.json,crop.json,site.json,False,dwd/csvs,dwd/csvs/germany_ubn_1901-2018_unzipped,,,,,,1999-01-01,2019-12-31,False,False,True,True,True,False,False,True,False,True,False,False,False,,,0.73,100_256_230_100_267_25,historic_runs,Göttingen
83,True,fixed,auto,WW_sfix_hauto,sim.json,crop.json,site.json,False,dwd/csvs,dwd/csvs/germany_ubn_1901-2018_unzipped,,,,,,1999-01-01,2019-12-31,False,False,True,True,True,False,False,True,False,True,False,False,False,,,0.73,100_256_230_100_267_25,historic_runs,Göttingen
84,True,fixed,auto,WW_sfix_hauto,sim.json,crop.json,site.json,False,dwd/csvs,dwd/csvs/germany_ubn_1901-2018_unzipped,,,,,,1999-01-01,2019-12-31,False,False,True,True,True,False,False,True,False,True,False,False,False,,,0.73,100_256_230_100_267_25,historic_runs,Göttingen
85,True,fixed,auto,WW_sfix_hauto,sim.json,crop.json,site.json,False,dwd/csvs,dwd/csvs/germany_ubn_1901-2018_unzipped,,,,,,1999-01-01,2019-12-31,False,False,True,True,True,False,False,True,False,True,False,False,False,,,0.73,100_256_230_100_267_25,historic_runs,Göttingen
86,True,fixed,auto,WW_sfix_hauto,sim.json,crop.json,site.json,False,dwd/csvs,dwd/csvs/germany_ubn_1901-2018_unzipped,,,,,,1999-01-01,2019-12-31,False,False,True,True,True,False,False,True,False,True,False,False,False,,,0.73,100_256_230_100_267_25,historic_runs,Göttingen
87,True,fixed,auto,WW_sfix_hauto,sim.json,crop.json,site.json,False,dwd/csvs,dwd/csvs/germany_ubn_1901-2018_unzipped,,,,,,1999-01-01,2019-12-31,False,False,True,True,True,False,False,True,False,True,False,False,False,,,0.73,100_256_230_100_267_25,historic_runs,Göttingen
88,True,fixed,auto,WW_sfix_hauto,sim.json,crop.json,site.json,False,dwd/csvs,dwd/csvs/germany_ubn_1901-2018_unzipped,,,,,,1999-01-01,2019-12-31,False,False,True,True,True,False,False,True,False,True,False,False,False,,,0.73,100_256_230_100_267_25,historic_runs,Göttingen
89,True,fixed,auto,WW_sfix_hauto,sim.json,crop.json,site.json,False,dwd/csvs,dwd/csvs/germany_ubn_1901-2018_unzipped,,,,,,1999-01-01,2019-12-31,False,False,True,True,True,False,False,True,False,True,False,False,False,,,0.73,100_256_230_100_267_25,historic_runs,Göttingen
80,True,fixed,auto,WW_sfix_hauto,sim.json,crop.json,site.json,False,dwd/csvs,dwd/csvs/germany_ubn_1901-2018_unzipped,,,,,,1999-01-01,2019-12-31,False,False,True,True,True,False,False,True,False,True,False,False,False,,,0.73,100_256_230_100_267_25,historic_runs,Göttingen
91,True,fixed,auto,WW_sfix_hauto,sim.json,crop.json,site.json,False,dwd/csvs,dwd/csvs/germany_ubn_1901-2018_unzipped,,,,,,1999-01-01,2019-12-31,False,False,True,True,True,False,False,True,False,True,False,False,False,,,0.73,100_256_230_100_267_25,historic_runs,Göttingen
92,True,fixed,auto,WW_sfix_hauto,sim.json,crop.json,site.json,False,dwd/csvs,dwd/csvs/germany_ubn_1901-2018_unzipped,,,,,,1999-01-01,2019-12-31,False,False,True,True,True,False,False,True,False,True,False,False,False,,,0.73,100_256_230_100_267_25,historic_runs,Göttingen
93,True,fixed,auto,WW_sfix_hauto,sim.json,crop.json,site.json,False,dwd/csvs,dwd/csvs/germany_ubn_1901-2018_unzipped,,,,,,1999-01-01,2019-12-31,False,False,True,True,True,False,False,True,False,True,False,False,False,,,0.73,100_256_230_100_267_25,historic_runs,Göttingen
94,True,fixed,auto,WW_sfix_hauto,sim.json,crop.json,site.json,False,dwd/csvs,dwd/csvs/germany_ubn_1901-2018_unzipped,,,,,,1999-01-01,2019-12-31,False,False,True,True,True,False,False,True,False,True,False,False,False,,,0.73,100_256_230_100_267_25,historic_runs,Göttingen
95,True,fixed,auto,WW_sfix_hauto,sim.json,crop.json,site.json,False,dwd/csvs,dwd/csvs/germany_ubn_1901-2018_unzipped,,,,,,1999-01-01,2019-12-31,False,False,True,True,True,False,False,True,False,True,False,False,False,,,0.73,100_256_230_100_267_25,historic_runs,Göttingen
96,True,fixed,auto,WW_sfix_hauto,sim.json,crop.json,site.json,False,dwd/csvs,dwd/csvs/germany_ubn_1901-2018_unzipped,,,,,,1999-01-01,2019-12-31,False,False,True,True,True,False,False,True,False,True,False,False,False,,,0.73,100_256_230_100_267_25,historic_runs,Göttingen
97,True,fixed,auto,WW_sfix_hauto,sim.json,crop.json,site.json,False,dwd/csvs,dwd/csvs/germany_ubn_1901-2018_unzipped,,,,,,1999-01-01,2019-12-31,False,False,True,True,True,False,False,True,False,True,False,False,False,,,0.73,100_256_230_100_267_25,historic_runs,Göttingen
98,True,fixed,auto,WW_sfix_hauto,sim.json,crop.json,site.json,False,dwd/csvs,dwd/csvs/germany_ubn_1901-2018_unzipped,,,,,,1999-01-01,2019-12-31,False,False,True,True,True,False,False,True,False,True,False,False,False,,,0.73,100_256_230_100_267_25,historic_runs,Göttingen
99,True,fixed,auto,WW_sfix_hauto,sim.json,crop.json,site.json,False,dwd/csvs,dwd/csvs/germany_ubn_1901-2018_unzipped,,,,,,1999-01-01,2019-12-31,False,False,True,True,True,False,False,True,False,True,False,False,False,,,0.73,100_256_230_100_267_25,historic_runs,Göttingen
100,True,fixed,auto,WW_sfix_hauto,sim.json,crop.json,site.json,False,dwd/csvs,dwd/csvs/germany_ubn_1901-2018_unzipped,,,,,,1999-01-01,2019-12-31,False,False,True,True,True,False,False,True,False,True,False,False,False,,,0.73,100_256_230_100_267_25,historic_runs,Göttingen
101,True,fixed,auto,WW_sfix_hauto,sim.json,crop.json,site.json,False,dwd/csvs,dwd/csvs/germany_ubn_1901-2018_unzipped,,,,,,1999-01-01,2019-12-31,False,False,True,True,True,False,False,True,False,True,False,False,False,,,0.73,100_256_230_100_267_25,historic_runs,Göttingen
102,True,fixed,auto,WW_sfix_hauto,sim.json,crop.json,site.json,False,dwd/csvs,dwd/csvs/germany_ubn_1901-2018_unzipped,,,,,,1999-01-01,2019-12-31,False,False,True,True,True,False,False,True,False,True,False,False,False,,,0.73,100_256_230_100_267_25,historic_runs,Göttingen
103,True,fixed,auto,WW_sfix_hauto,sim.json,crop.json,site.json,False,dwd/csvs,dwd/csvs/germany_ubn_1901-2018_unzipped,,,,,,1999-01-01,2019-12-31,False,False,True,True,True,False,False,True,False,True,False,False,False,,,0.73,100_256_230_100_267_25,historic_runs,Göttingen
104,True,fixed,auto,WW_sfix_hauto,sim.json,crop.json,site.json,False,dwd/csvs,dwd/csvs/germany_ubn_1901-2018_unzipped,,,,,,1999-01-01,2019-12-31,False,False,True,True,True,False,False,True,False,True,False,False,False,,,0.73,100_256_230_100_267_25,historic_runs,Göttingen
105,True,fixed,auto,WW_sfix_hauto,sim.json,crop.json,site.json,False,dwd/csvs,dwd/csvs/germany_ubn_1901-2018_unzipped,,,,,,1999-01-01,2019-12-31,False,False,True,True,True,False,False,True,False,True,False,False,False,,,0.73,100_256_230_100_267_25,historic_runs,Göttingen
106,True,fixed,auto,WW_sfix_hauto,sim.json,crop.json,site.json,False,dwd/csvs,dwd/csvs/germany_ubn_1901-2018_unzipped,,,,,,1999-01-01,2019-12-31,False,False,True,True,True,False,False,True,False,True,False,False,False,,,0.73,100_256_230_100_267_25,historic_runs,Göttingen
107,True,fixed,auto,WW_sfix_hauto,sim.json,crop.json,site.json,False,dwd/csvs,dwd/csvs/germany_ubn_1901-2018_unzipped,,,,,,1999-01-01,2019-12-31,False,False,True,True,True,False,False,True,False,True,False,False,False,,,0.73,100_256_230_100_267_25,historic_runs,Göttingen
108,True,fixed,auto,WW_sfix_hauto,sim.json,crop.json,site.json,False,dwd/csvs,dwd/csvs/germany_ubn_1901-2018_unzipped,,,,,,1999-01-01,2019-12-31,False,False,True,True,True,False,False,True,False,True,False,False,False,,,0.73,100_256_230_100_267_25,historic_runs,Göttingen
109,True,fixed,auto,WW_sfix_hauto,sim.json,crop.json,site.json,False,dwd/csvs,dwd/csvs/germany_ubn_1901-2018_unzipped,,,,,,1999-01-01,2019-12-31,False,False,True,True,True,False,False,True,False,True,False,False,False,,,0.73,100_256_230_100_267_25,historic_runs,Göttingen
110,True,fixed,auto,WW_sfix_hauto,sim.json,crop.json,site.json,False,dwd/csvs,dwd/csvs/germany_ubn_1901-2018_unzipped,,,,,,1999-01-01,2019-12-31,False,False,True,True,True,False,False,True,False,True,False,False,False,,,0.73,100_256_230_100_267_25,historic_runs,Göttingen
111,True,fixed,auto,WW_sfix_hauto,sim.json,crop.json,site.json,False,dwd/csvs,dwd/csvs/germany_ubn_1901-2018_unzipped,,,,,,1999-01-01,2019-12-31,False,False,True,True,True,False,False,True,False,True,False,False,False,,,0.73,100_256_230_100_267_25,historic_runs,Göttingen
112,True,fixed,auto,WW_sfix_hauto,sim.json,crop.json,site.json,False,dwd/csvs,dwd/csvs/germany_ubn_1901-2018_unzipped,,,,,,1999-01-01,2019-12-31,False,False,True,True,True,False,False,True,False,True,False,False,False,,,0.73,100_256_230_100_267_25,historic_runs,Göttingen
113,True,fixed,auto,WW_sfix_hauto,sim.json,crop.json,site.json,False,dwd/csvs,dwd/csvs/germany_ubn_1901-2018_unzipped,,,,,,1999-01-01,2019-12-31,False,False,True,True,True,False,False,True,False,True,False,False,False,,,0.73,100_256_230_100_267_25,historic_runs,Göttingen
114,True,fixed,auto,WW_sfix_hauto,sim.json,crop.json,site.json,False,dwd/csvs,dwd/csvs/germany_ubn_1901-2018_unzipped,,,,,,1999-01-01,2019-12-31,False,False,True,True,True,False,False,True,False,True,False,False,False,,,0.73,100_256_230_100_267_25,historic_runs,Göttingen
115,True,fixed,auto,WW_sfix_hauto,sim.json,crop.json,site.json,False,dwd/csvs,dwd/csvs/germany_ubn_1901-2018_unzipped,,,,,,1999-01-01,2019-12-31,False,False,True,True,True,False,False,True,False,True,False,False,False,,,0.73,100_256_230_100_267_25,historic_runs,Göttingen
116,True,fixed,auto,WW_sfix_hauto,sim.json,crop.json,site.json,False,dwd/csvs,dwd/csvs/germany_ubn_1901-2018_unzipped,,,,,,1999-01-01,2019-12-31,False,False,True,True,True,False,False,True,False,True,False,False,False,,,0.73,100_256_230_100_267_25,historic_runs,Göttingen
117,True,fixed,auto,WW_sfix_hauto,sim.json,crop.json,site.json,False,dwd/csvs,dwd/csvs/germany_ubn_1901-2018_unzipped,,,,,,1999-01-01,2019-12-31,False,False,True,True,True,False,False,True,False,True,False,False,False,,,0.73,100_256_230_100_267_25,historic_runs,Göttingen
118,True,fixed,auto,WW_sfix_hauto,sim.json,crop.json,site.json,False,dwd/csvs,dwd/csvs/germany_ubn_1901-2018_unzipped,,,,,,1999-01-01,2019-12-31,False,False,True,True,True,False,False,True,False,True,False,False,False,,,0.73,100_256_230_100_267_25,historic_runs,Göttingen
119,True,fixed,auto,WW_sfix_hauto,sim.json,crop.json,site.json,False,dwd/csvs,dwd/csvs/germany_ubn_1901-2018_unzipped,,,,,,1999-01-01,2019-12-31,False,False,True,True,True,False,False,True,False,True,False,False,False,,,0.73,100_256_230_100_267_25,historic_runs,Göttingen
120,True,fixed,auto,WW_sfix_hauto,sim.json,crop.json,site.json,False,dwd/csvs,dwd/csvs/germany_ubn_1901-2018_unzipped,,,,,,1999-01-01,2019-12-31,False,False,True,True,True,False,False,True,False,True,False,False,False,,,0.73,100_256_230_100_267_25,historic_runs,Göttingen
121,True,fixed,auto,WW_sfix_hauto,sim.json,crop.json,site.json,False,dwd/csvs,dwd/csvs/germany_ubn_1901-2018_unzipped,,,,,,1999-01-01,2019-12-31,False,False,True,True,True,False,False,True,False,True,False,False,False,,,0.73,100_256_230_100_267_25,historic_runs,Göttingen
122,True,fixed,auto,WW_sfix_hauto,sim.json,crop.json,site.json,False,dwd/csvs,dwd/csvs/germany_ubn_1901-2018_unzipped,,,,,,1999-01-01,2019-12-31,False,False,True,True,True,False,False,True,False,True,False,False,False,,,0.73,100_256_230_100_267_25,historic_runs,Göttingen
123,True,fixed,auto,WW_sfix_hauto,sim.json,crop.json,site.json,False,dwd/csvs,dwd/csvs/germany_ubn_1901-2018_unzipped,,,,,,1999-01-01,2019-12-31,False,False,True,True,True,False,False,True,False,True,False,False,False,,,0.73,100_256_230_100_267_25,historic_runs,Göttingen
124,True,fixed,auto,WW_sfix_hauto,sim.json,crop.json,site.json,False,dwd/csvs,dwd/csvs/germany_ubn_1901-2018_unzipped,,,,,,1999-01-01,2019-12-31,False,False,True,True,True,False,False,True,False,True,False,False,False,,,0.73,100_256_230_100_267_25,historic_runs,Göttingen
125,True,fixed,auto,WW_sfix_hauto,sim.json,crop.json,site.json,False,dwd/csvs,dwd/csvs/germany_ubn_1901-2018_unzipped,,,,,,1999-01-01,2019-12-31,False,False,True,True,True,False,False,True,False,True,False,False,False,,,0.73,100_256_230_100_267_25,historic_runs,Göttingen
126,True,fixed,auto,WW_sfix_hauto,sim.json,crop.json,site.json,False,dwd/csvs,dwd/csvs/germany_ubn_1901-2018_unzipped,,,,,,1999-01-01,2019-12-31,False,False,True,True,True,False,False,True,False,True,False,False,False,,,0.73,100_256_230_100_267_25,historic_runs,Göttingen
127,True,fixed,auto,WW_sfix_hauto,sim.json,crop.json,site.json,False,dwd/csvs,dwd/csvs/germany_ubn_1901-2018_unzipped,,,,,,1999-01-01,2019-12-31,False,False,True,True,True,False,False,True,False,True,False,False,False,,,0.73,100_256_230_100_267_25,historic_runs,Göttingen
128,True,fixed,auto,WW_sfix_hauto,sim.json,crop.json,site.json,False,dwd/csvs,dwd/csvs/germany_ubn_1901-2018_unzipped,,,,,,1999-01-01,2019-12-31,False,False,True,True,True,False,False,True,False,True,False,False,False,,,0.73,100_256_230_100_267_25,historic_runs,Göttingen
129,True,fixed,auto,WW_sfix_hauto,sim.json,crop.json,site.json,False,dwd/csvs,dwd/csvs/germany_ubn_1901-2018_unzipped,,,,,,1999-01-01,2019-12-31,False,False,True,True,True,False,False,True,False,True,False,False,False,,,0.73,100_256_230_100_267_25,historic_runs,Göttingen
130,True,fixed,auto,WW_sfix_hauto,sim.json,crop.json,site.json,False,dwd/csvs,dwd/csvs/germany_ubn_1901-2018_unzipped,,,,,,1999-01-01,2019-12-31,False,False,True,True,True,False,False,True,False,True,False,False,False,,,0.73,100_256_230_100_267_25,historic_runs,Göttingen
131,True,fixed,auto,WW_sfix_hauto,sim.json,crop.json,site.json,False,dwd/csvs,dwd/csvs/germany_ubn_1901-2018_unzipped,,,,,,1999-01-01,2019-12-31,False,False,True,True,True,False,False,True,False,True,False,False,False,,,0.73,100_256_230_100_267_25,historic_runs,Göttingen
132,True,fixed,auto,WW_sfix_hauto,sim.json,crop.json,site.json,False,dwd/csvs,dwd/csvs/germany_ubn_1901-2018_unzipped,,,,,,1999-01-01,2019-12-31,False,False,True,True,True,False,False,True,False,True,False,False,False,,,0.73,100_256_230_100_267_25,historic_runs,Göttingen
133,True,fixed,auto,WW_sfix_hauto,sim.json,crop.json,site.json,False,dwd/csvs,dwd/csvs/germany_ubn_1901-2018_unzipped,,,,,,1999-01-01,2019-12-31,False,False,True,True,True,False,False,True,False,True,False,False,False,,,0.73,100_256_230_100_267_25,historic_runs,Göttingen
134,True,fixed,auto,WW_sfix_hauto,sim.json,crop.json,site.json,False,dwd/csvs,dwd/csvs/germany_ubn_1901-2018_unzipped,,,,,,1999-01-01,2019-12-31,False,False,True,True,True,False,False,True,False,True,False,False,False,,,0.73,100_256_230_100_267_25,historic_runs,Göttingen
135,True,fixed,auto,WW_sfix_hauto,sim.json,crop.json,site.json,False,dwd/csvs,dwd/csvs/germany_ubn_1901-2018_unzipped,,,,,,1999-01-01,2019-12-31,False,False,True,True,True,False,False,True,False,True,False,False,False,,,0.73,100_256_230_100_267_25,historic_runs,Göttingen
136,True,fixed,auto,WW_sfix_hauto,sim.json,crop.json,site.json,False,dwd/csvs,dwd/csvs/germany_ubn_1901-2018_unzipped,,,,,,1999-01-01,2019-12-31,False,False,True,True,True,False,False,True,False,True,False,False,False,,,0.73,100_256_230_100_267_25,historic_runs,Göttingen
137,True,fixed,auto,WW_sfix_hauto,sim.json,crop.json,site.json,False,dwd/csvs,dwd/csvs/germany_ubn_1901-2018_unzipped,,,,,,1999-01-01,2019-12-31,False,False,True,True,True,False,False,True,False,True,False,False,False,,,0.73,100_256_230_100_267_25,historic_runs,Göttingen
138,True,fixed,auto,WW_sfix_hauto,sim.json,crop.json,site.json,False,dwd/csvs,dwd/csvs/germany_ubn_1901-2018_unzipped,,,,,,1999-01-01,2019-12-31,False,False,True,True,True,False,False,True,False,True,False,False,False,,,0.73,100_256_230_100_267_25,historic_runs,Göttingen
139,True,fixed,auto,WW_sfix_hauto,sim.json,crop.json,site.json,False,dwd/csvs,dwd/csvs/germany_ubn_1901-2018_unzipped,,,,,,1999-01-01,2019-12-31,False,False,True,True,True,False,False,True,False,True,False,False,False,,,0.73,100_256_230_100_267_25,historic_runs,Göttingen
140,True,fixed,auto,WW_sfix_hauto,sim.json,crop.json,site.json,False,dwd/csvs,dwd/csvs/germany_ubn_1901-2018_unzipped,,,,,,1999-01-01,2019-12-31,False,False,True,True,True,False,False,True,False,True,False,False,False,,,0.73,100_256_230_100_267_25,historic_runs,Göttingen
141,True,fixed,auto,WW_sfix_hauto,sim.json,crop.json,site.json,False,dwd/csvs,dwd/csvs/germany_ubn_1901-2018_unzipped,,,,,,1999-01-01,2019-12-31,False,False,True,True,True,False,False,True,False,True,False,False,False,,,0.73,100_256_230_100_267_25,historic_runs,Göttingen
142,True,fixed,auto,WW_sfix_hauto,sim.json,crop.json,site.json,False,dwd/csvs,dwd/csvs/germany_ubn_1901-2018_unzipped,,,,,,1999-01-01,2019-12-31,False,False,True,True,True,False,False,True,False,True,False,False,False,,,0.73,100_256_230_100_267_25,historic_runs,Göttingen
143,True,fixed,auto,WW_sfix_hauto,sim.json,crop.json,site.json,False,dwd/csvs,dwd/csvs/germany_ubn_1901-2018_unzipped,,,,,,1999-01-01,2019-12-31,False,False,True,True,True,False,False,True,False,True,False,False,False,,,0.73,100_256_230_100_267_25,historic_runs,Göttingen
144,True,fixed,auto,WW_sfix_hauto,sim.json,crop.json,site.json,False,dwd/csvs,dwd/csvs/germany_ubn_1901-2018_unzipped,,,,,,1999-01-01,2019-12-31,False,False,True,True,True,False,False,True,False,True,False,False,False,,,0.73,100_256_230_100_267_25,historic_runs,Göttingen
145,True,fixed,auto,WW_sfix_hauto,sim.json,crop.json,site.json,False,dwd/csvs,dwd/csvs/germany_ubn_1901-2018_unzipped,,,,,,1999-01-01,2019-12-31,False,False,True,True,True,False,False,True,False,True,False,False,False,,,0.73,100_256_230_100_267_25,historic_runs,Göttingen
146,True,fixed,auto,WW_sfix_hauto,sim.json,crop.json,site.json,False,dwd/csvs,dwd/csvs/germany_ubn_1901-2018_unzipped,,,,,,1999-01-01,2019-12-31,False,False,True,True,True,False,False,True,False,True,False,False,False,,,0.73,100_256_230_100_267_25,historic_runs,Göttingen
147,True,fixed,auto,WW_sfix_hauto,sim.json,crop.json,site.json,False,dwd/csvs,dwd/csvs/germany_ubn_1901-2018_unzipped,,,,,,1999-01-01,2019-12-31,False,False,True,True,True,False,False,True,False,True,False,False,False,,,0.73,100_256_230_100_267_25,historic_runs,Göttingen
148,True,fixed,auto,WW_sfix_hauto,sim.json,crop.json,site.json,False,dwd/csvs,dwd/csvs/germany_ubn_1901-2018_unzipped,,,,,,1999-01-01,2019-12-31,False,False,True,True,True,False,False,True,False,True,False,False,False,,,1.0,100_256_230_100_267_25,historic_runs,
149,True,fixed,auto,WW_sfix_hauto,sim.json,crop.json,site.json,False,dwd/csvs,dwd/csvs/germany_ubn_1901-2018_unzipped,,,,,,1999-01-01,2019-12-31,False,False,True,True,True,False,False,True,False,True,False,False,False,,,1.0,100_256_230_100_267_25,historic_runs,Göttingen
150,True,fixed,auto,WW_sfix_hauto,sim.json,crop.json,site.json,False,dwd/csvs,dwd/csvs/germany_ubn_1901-2018_unzipped,,,,,,1999-01-01,2019-12-31,False,False,True,True,True,False,False,True,False,True,False,False,False,,,1.0,100_256_230_100_267_25,historic_runs,Göttingen
151,True,fixed,auto,WW_sfix_hauto,sim.json,crop.json,site.json,False,dwd/csvs,dwd/csvs/germany_ubn_1901-2018_unzipped,,,,,,1999-01-01,2019-12-31,False,False,True,True,True,False,False,True,False,True,False,False,False,,,1.0,100_256_230_100_267_25,historic_runs,Göttingen
152,True,fixed,auto,WW_sfix_hauto,sim.json,crop.json,site.json,False,dwd/csvs,dwd/csvs/germany_ubn_1901-2018_unzipped,,,,,,1999-01-01,2019-12-31,False,False,True,True,True,False,False,True,False,True,False,False,False,,,1.0,100_256_230_100_267_25,historic_runs,Göttingen
153,True,fixed,auto,WW_sfix_hauto,sim.json,crop.json,site.json,False,dwd/csvs,dwd/csvs/germany_ubn_1901-2018_unzipped,,,,,,1999-01-01,2019-12-31,False,False,True,True,True,False,False,True,False,True,False,False,False,,,1.0,100_256_230_100_267_25,historic_runs,Göttingen
154,True,fixed,auto,WW_sfix_hauto,sim.json,crop.json,site.json,False,dwd/csvs,dwd/csvs/germany_ubn_1901-2018_unzipped,,,,,,1999-01-01,2019-12-31,False,False,True,True,True,False,False,True,False,True,False,False,False,,,1.0,100_256_230_100_267_25,historic_runs,Göttingen
155,True,fixed,auto,WW_sfix_hauto,sim.json,crop.json,site.json,False,dwd/csvs,dwd/csvs/germany_ubn_1901-2018_unzipped,,,,,,1999-01-01,2019-12-31,False,False,True,True,True,False,False,True,False,True,False,False,False,,,1.0,100_256_230_100_267_25,historic_runs,Göttingen
156,True,fixed,auto,WW_sfix_hauto,sim.json,crop.json,site.json,False,dwd/csvs,dwd/csvs/germany_ubn_1901-2018_unzipped,,,,,,1999-01-01,2019-12-31,False,False,True,True,True,False,False,True,False,True,False,False,False,,,1.0,100_256_230_100_267_25,historic_runs,Göttingen
157,True,fixed,auto,WW_sfix_hauto,sim.json,crop.json,site.json,False,dwd/csvs,dwd/csvs/germany_ubn_1901-2018_unzipped,,,,,,1999-01-01,2019-12-31,False,False,True,True,True,False,False,True,False,True,False,False,False,,,1.0,100_256_230_100_267_25,historic_runs,Göttingen
158,True,fixed,auto,WW_sfix_hauto,sim.json,crop.json,site.json,False,dwd/csvs,dwd/csvs/germany_ubn_1901-2018_unzipped,,,,,,1999-01-01,2019-12-31,False,False,True,True,True,False,False,True,False,True,False,False,False,,,1.0,100_256_230_100_267_25,historic_runs,Göttingen
159,True,fixed,auto,WW_sfix_hauto,sim.json,crop.json,site.json,False,dwd/csvs,dwd/csvs/germany_ubn_1901-2018_unzipped,,,,,,1999-01-01,2019-12-31,False,False,True,True,True,False,False,True,False,True,False,False,False,,,1.0,100_256_230_100_267_25,historic_runs,Göttingen
160,True,fixed,auto,WW_sfix_hauto,sim.json,crop.json,site.json,False,dwd/csvs,dwd/csvs/germany_ubn_1901-2018_unzipped,,,,,,1999-01-01,2019-12-31,False,False,True,True,True,False,False,True,False,True,False,False,False,,,1.0,100_256_230_100_267_25,historic_runs,Göttingen
161,True,fixed,auto,WW_sfix_hauto,sim.json,crop.json,site.json,False,dwd/csvs,dwd/csvs/germany_ubn_1901-2018_unzipped,,,,,,1999-01-01,2019-12-31,False,False,True,True,True,False,False,True,False,True,False,False,False,,,1.0,100_256_230_100_267_25,historic_runs,Göttingen
162,True,fixed,auto,WW_sfix_hauto,sim.json,crop.json,site.json,False,dwd/csvs,dwd/csvs/germany_ubn_1901-2018_unzipped,,,,,,1999-01-01,2019-12-31,False,False,True,True,True,False,False,True,False,True,False,False,False,,,1.0,100_256_230_100_267_25,historic_runs,Göttingen
163,True,fixed,auto,WW_sfix_hauto,sim.json,crop.json,site.json,False,dwd/csvs,dwd/csvs/germany_ubn_1901-2018_unzipped,,,,,,1999-01-01,2019-12-31,False,False,True,True,True,False,False,True,False,True,False,False,False,,,1.0,100_256_230_100_267_25,historic_runs,Göttingen
164,True,fixed,auto,WW_sfix_hauto,sim.json,crop.json,site.json,False,dwd/csvs,dwd/csvs/germany_ubn_1901-2018_unzipped,,,,,,1999-01-01,2019-12-31,False,False,True,True,True,False,False,True,False,True,False,False,False,,,1.0,100_256_230_100_267_25,historic_runs,Göttingen
165,True,fixed,auto,WW_sfix_hauto,sim.json,crop.json,site.json,False,dwd/csvs,dwd/csvs/germany_ubn_1901-2018_unzipped,,,,,,1999-01-01,2019-12-31,False,False,True,True,True,False,False,True,False,True,False,False,False,,,1.0,100_256_230_100_267_25,historic_runs,Göttingen
166,True,fixed,auto,WW_sfix_hauto,sim.json,crop.json,site.json,False,dwd/csvs,dwd/csvs/germany_ubn_1901-2018_unzipped,,,,,,1999-01-01,2019-12-31,False,False,True,True,True,False,False,True,False,True,False,False,False,,,1.0,100_256_230_100_267_25,historic_runs,Göttingen
167,True,fixed,auto,WW_sfix_hauto,sim.json,crop.json,site.json,False,dwd/csvs,dwd/csvs/germany_ubn_1901-2018_unzipped,,,,,,1999-01-01,2019-12-31,False,False,True,True,True,False,False,True,False,True,False,False,False,,,1.0,100_256_230_100_267_25,historic_runs,Göttingen
168,True,fixed,auto,WW_sfix_hauto,sim.json,crop.json,site.json,False,dwd/csvs,dwd/csvs/germany_ubn_1901-2018_unzipped,,,,,,1999-01-01,2019-12-31,False,False,True,True,True,False,False,True,False,True,False,False,False,,,1.0,100_256_230_100_267_25,historic_runs,Göttingen
169,True,fixed,auto,WW_sfix_hauto,sim.json,crop.json,site.json,False,dwd/csvs,dwd/csvs/germany_ubn_1901-2018_unzipped,,,,,,1999-01-01,2019-12-31,False,False,True,True,True,False,False,True,False,True,False,False,False,,,1.0,100_256_230_100_267_25,historic_runs,Göttingen
170,True,fixed,auto,WW_sfix_hauto,sim.json,crop.json,site.json,False,dwd/csvs,dwd/csvs/germany_ubn_1901-2018_unzipped,,,,,,1999-01-01,2019-12-31,False,False,True,True,True,False,False,True,False,True,False,False,False,,,1.0,100_256_230_100_267_25,historic_runs,Göttingen
171,True,fixed,auto,WW_sfix_hauto,sim.json,crop.json,site.json,False,dwd/csvs,dwd/csvs/germany_ubn_1901-2018_unzipped,,,,,,1999-01-01,2019-12-31,False,False,True,True,True,False,False,True,False,True,False,False,False,,,1.0,100_256_230_100_267_25,historic_runs,Göttingen
172,True,fixed,auto,WW_sfix_hauto,sim.json,crop.json,site.json,False,dwd/csvs,dwd/csvs/germany_ubn_1901-2018_unzipped,,,,,,1999-01-01,2019-12-31,False,False,True,True,True,False,False,True,False,True,False,False,False,,,1.0,100_256_230_100_267_25,historic_runs,Göttingen
173,True,fixed,auto,WW_sfix_hauto,sim.json,crop.json,site.json,False,dwd/csvs,dwd/csvs/germany_ubn_1901-2018_unzipped,,,,,,1999-01-01,2019-12-31,False,False,True,True,True,False,False,True,False,True,False,False,False,,,1.0,100_256_230_100_267_25,historic_runs,Göttingen
174,True,fixed,auto,WW_sfix_hauto,sim.json,crop.json,site.json,False,dwd/csvs,dwd/csvs/germany_ubn_1901-2018_unzipped,,,,,,1999-01-01,2019-12-31,False,False,True,True,True,False,False,True,False,True,False,False,False,,,1.0,100_256_230_100_267_25,historic_runs,Göttingen
175,True,fixed,auto,WW_sfix_hauto,sim.json,crop.json,site.json,False,dwd/csvs,dwd/csvs/germany_ubn_1901-2018_unzipped,,,,,,1999-01-01,2019-12-31,False,False,True,True,True,False,False,True,False,True,False,False,False,,,1.0,100_256_230_100_267_25,historic_runs,Göttingen
176,True,fixed,auto,WW_sfix_hauto,sim.json,crop.json,site.json,False,dwd/csvs,dwd/csvs/germany_ubn_1901-2018_unzipped,,,,,,1999-01-01,2019-12-31,False,False,True,True,True,False,False,True,False,True,False,False,False,,,1.0,100_256_230_100_267_25,historic_runs,Göttingen
177,True,fixed,auto,WW_sfix_hauto,sim.json,crop.json,site.json,False,dwd/csvs,dwd/csvs/germany_ubn_1901-2018_unzipped,,,,,,1999-01-01,2019-12-31,False,False,True,True,True,False,False,True,False,True,False,False,False,,,1.0,100_256_230_100_267_25,historic_runs,Göttingen
178,True,fixed,auto,WW_sfix_hauto,sim.json,crop.json,site.json,False,dwd/csvs,dwd/csvs/germany_ubn_1901-2018_unzipped,,,,,,1999-01-01,2019-12-31,False,False,True,True,True,False,False,True,False,True,False,False,False,,,1.0,100_256_230_100_267_25,historic_runs,Göttingen
179,True,fixed,auto,WW_sfix_hauto,sim.json,crop.json,site.json,False,dwd/csvs,dwd/csvs/germany_ubn_1901-2018_unzipped,,,,,,1999-01-01,2019-12-31,False,False,True,True,True,False,False,True,False,True,False,False,False,,,1.0,100_256_230_100_267_25,historic_runs,Göttingen
180,True,fixed,auto,WW_sfix_hauto,sim.json,crop.json,site.json,False,dwd/csvs,dwd/csvs/germany_ubn_1901-2018_unzipped,,,,,,1999-01-01,2019-12-31,False,False,True,True,True,False,False,True,False,True,False,False,False,,,1.0,100_256_230_100_267_25,historic_runs,Göttingen
181,True,fixed,auto,WW_sfix_hauto,sim.json,crop.json,site.json,False,dwd/csvs,dwd/csvs/germany_ubn_1901-2018_unzipped,,,,,,1999-01-01,2019-12-31,False,False,True,True,True,False,False,True,False,True,False,False,False,,,1.0,100_256_230_100_267_25,historic_runs,Göttingen
182,True,fixed,auto,WW_sfix_hauto,sim.json,crop.json,site.json,False,dwd/csvs,dwd/csvs/germany_ubn_1901-2018_unzipped,,,,,,1999-01-01,2019-12-31,False,False,True,True,True,False,False,True,False,True,False,False,False,,,1.0,100_256_230_100_267_25,historic_runs,Göttingen
183,True,fixed,auto,WW_sfix_hauto,sim.json,crop.json,site.json,False,dwd/csvs,dwd/csvs/germany_ubn_1901-2018_unzipped,,,,,,1999-01-01,2019-12-31,False,False,True,True,True,False,False,True,False,True,False,False,False,,,1.0,100_256_230_100_267_25,historic_runs,Göttingen
184,True,fixed,auto,WW_sfix_hauto,sim.json,crop.json,site.json,False,dwd/csvs,dwd/csvs/germany_ubn_1901-2018_unzipped,,,,,,1999-01-01,2019-12-31,False,False,True,True,True,False,False,True,False,True,False,False,False,,,1.0,100_256_230_100_267_25,historic_runs,Göttingen
185,True,fixed,auto,WW_sfix_hauto,sim.json,crop.json,site.json,False,dwd/csvs,dwd/csvs/germany_ubn_1901-2018_unzipped,,,,,,1999-01-01,2019-12-31,False,False,True,True,True,False,False,True,False,True,False,False,False,,,1.0,100_256_230_100_267_25,historic_runs,Göttingen
186,True,fixed,auto,WW_sfix_hauto,sim.json,crop.json,site.json,False,dwd/csvs,dwd/csvs/germany_ubn_1901-2018_unzipped,,,,,,1999-01-01,2019-12-31,False,False,True,True,True,False,False,True,False,True,False,False,False,,,1.0,100_256_230_100_267_25,historic_runs,Göttingen
187,True,fixed,auto,WW_sfix_hauto,sim.json,crop.json,site.json,False,dwd/csvs,dwd/csvs/germany_ubn_1901-2018_unzipped,,,,,,1999-01-01,2019-12-31,False,False,True,True,True,False,False,True,False,True,False,False,False,,,1.0,100_256_230_100_267_25,historic_runs,Göttingen
188,True,fixed,auto,WW_sfix_hauto,sim.json,crop.json,site.json,False,dwd/csvs,dwd/csvs/germany_ubn_1901-2018_unzipped,,,,,,1999-01-01,2019-12-31,False,False,True,True,True,False,False,True,False,True,False,False,False,,,1.0,100_256_230_100_267_25,historic_runs,Göttingen
189,True,fixed,auto,WW_sfix_hauto,sim.json,crop.json,site.json,False,dwd/csvs,dwd/csvs/germany_ubn_1901-2018_unzipped,,,,,,1999-01-01,2019-12-31,False,False,True,True,True,False,False,True,False,True,False,False,False,,,1.0,100_256_230_100_267_25,historic_runs,Göttingen
190,True,fixed,auto,WW_sfix_hauto,sim.json,crop.json,site.json,False,dwd/csvs,dwd/csvs/germany_ubn_1901-2018_unzipped,,,,,,1999-01-01,2019-12-31,False,False,True,True,True,False,False,True,False,True,False,False,False,,,1.0,100_256_230_100_267_25,historic_runs,Göttingen
191,True,fixed,auto,WW_sfix_hauto,sim.json,crop.json,site.json,False,dwd/csvs,dwd/csvs/germany_ubn_1901-2018_unzipped,,,,,,1999-01-01,2019-12-31,False,False,True,True,True,False,False,True,False,True,False,False,False,,,1.0,100_256_230_100_267_25,historic_runs,Göttingen
192,True,fixed,auto,WW_sfix_hauto,sim.json,crop.json,site.json,False,dwd/csvs,dwd/csvs/germany_ubn_1901-2018_unzipped,,,,,,1999-01-01,2019-12-31,False,False,True,True,True,False,False,True,False,True,False,False,False,,,1.0,100_256_230_100_267_25,historic_runs,Göttingen
193,True,fixed,auto,WW_sfix_hauto,sim.json,crop.json,site.json,False,dwd/csvs,dwd/csvs/germany_ubn_1901-2018_unzipped,,,,,,1999-01-01,2019-12-31,False,False,True,True,True,False,False,True,False,True,False,False,False,,,1.0,100_256_230_100_267_25,historic_runs,Göttingen
194,True,fixed,auto,WW_sfix_hauto,sim.json,crop.json,site.json,False,dwd/csvs,dwd/csvs/germany_ubn_1901-2018_unzipped,,,,,,1999-01-01,2019-12-31,False,False,True,True,True,False,False,True,False,True,False,False,False,,,1.0,100_256_230_100_267_25,historic_runs,Göttingen
195,True,fixed,auto,WW_sfix_hauto,sim.json,crop.json,site.json,False,dwd/csvs,dwd/csvs/germany_ubn_1901-2018_unzipped,,,,,,1999-01-01,2019-12-31,False,False,True,True,True,False,False,True,False,True,False,False,False,,,1.0,100_256_230_100_267_25,historic_runs,Göttingen
196,True,fixed,auto,WW_sfix_hauto,sim.json,crop.json,site.json,False,dwd/csvs,dwd/csvs/germany_ubn_1901-2018_unzipped,,,,,,1999-01-01,2019-12-31,False,False,True,True,True,False,False,True,False,True,False,False,False,,,1.0,100_256_230_100_267_25,historic_runs,Göttingen
197,True,fixed,auto,WW_sfix_hauto,sim.json,crop.json,site.json,False,dwd/csvs,dwd/csvs/germany_ubn_1901-2018_unzipped,,,,,,1999-01-01,2019-12-31,False,False,True,True,True,False,False,True,False,True,False,False,False,,,1.0,100_256_230_100_267_25,historic_runs,Göttingen
198,True,fixed,auto,WW_sfix_hauto,sim.json,crop.json,site.json,False,dwd/csvs,dwd/csvs/germany_ubn_1901-2018_unzipped,,,,,,1999-01-01,2019-12-31,False,False,True,True,True,False,False,True,False,True,False,False,False,,,1.0,100_256_230_100_267_25,historic_runs,Göttingen
199,True,fixed,auto,WW_sfix_hauto,sim.json,crop.json,site.json,False,dwd/csvs,dwd/csvs/germany_ubn_1901-2018_unzipped,,,,,,1999-01-01,2019-12-31,False,False,True,True,True,False,False,True,False,True,False,False,False,,,1.0,100_256_230_100_267_25,historic_runs,Göttingen
200,True,fixed,auto,WW_sfix_hauto,sim.json,crop.json,site.json,False,dwd/csvs,dwd/csvs/germany_ubn_1901-2018_unzipped,,,,,,1999-01-01,2019-12-31,False,False,True,True,True,False,False,True,False,True,False,False,False,,,1.0,100_256_230_100_267_25,historic_runs,Göttingen
201,True,fixed,auto,WW_sfix_hauto,sim.json,crop.json,site.json,False,dwd/csvs,dwd/csvs/germany_ubn_1901-2018_unzipped,,,,,,1999-01-01,2019-12-31,False,False,True,True,True,False,False,True,False,True,False,False,False,,,1.0,100_256_230_100_267_25,historic_runs,Göttingen
202,True,fixed,auto,WW_sfix_hauto,sim.json,crop.json,site.json,False,dwd/csvs,dwd/csvs/germany_ubn_1901-2018_unzipped,,,,,,1999-01-01,2019-12-31,False,False,True,True,True,False,False,True,False,True,False,False,False,,,1.0,100_256_230_100_267_25,historic_runs,Göttingen
203,True,fixed,auto,WW_sfix_hauto,sim.json,crop.json,site.json,False,dwd/csvs,dwd/csvs/germany_ubn_1901-2018_unzipped,,,,,,1999-01-01,2019-12-31,False,False,True,True,True,False,False,True,False,True,False,False,False,,,1.0,100_256_230_100_267_25,historic_runs,Göttingen
204,True,fixed,auto,WW_sfix_hauto,sim.json,crop.json,site.json,False,dwd/csvs,dwd/csvs/germany_ubn_1901-2018_unzipped,,,,,,1999-01-01,2019-12-31,False,False,True,True,True,False,False,True,False,True,False,False,False,,,1.0,100_256_230_100_267_25,historic_runs,Göttingen
205,True,fixed,auto,WW_sfix_hauto,sim.json,crop.json,site.json,False,dwd/csvs,dwd/csvs/germany_ubn_1901-2018_unzipped,,,,,,1999-01-01,2019-12-31,False,False,True,True,True,False,False,True,False,True,False,False,False,,,1.0,100_256_230_100_267_25,historic_runs,Göttingen
206,True,fixed,auto,WW_sfix_hauto,sim.json,crop.json,site.json,False,dwd/csvs,dwd/csvs/germany_ubn_1901-2018_unzipped,,,,,,1999-01-01,2019-12-31,False,False,True,True,True,False,False,True,False,True,False,False,False,,,1.0,100_256_230_100_267_25,historic_runs,Göttingen
207,True,fixed,auto,WW_sfix_hauto,sim.json,crop.json,site.json,False,dwd/csvs,dwd/csvs/germany_ubn_1901-2018_unzipped,,,,,,1999-01-01,2019-12-31,False,False,True,True,True,False,False,True,False,True,False,False,False,,,1.0,100_256_230_100_267_25,historic_runs,Göttingen
208,True,fixed,auto,WW_sfix_hauto,sim.json,crop.json,site.json,False,dwd/csvs,dwd/csvs/germany_ubn_1901-2018_unzipped,,,,,,1999-01-01,2019-12-31,False,False,True,True,True,False,False,True,False,True,False,False,False,,,1.0,100_256_230_100_267_25,historic_runs,Göttingen
209,True,fixed,auto,WW_sfix_hauto,sim.json,crop.json,site.json,False,dwd/csvs,dwd/csvs/germany_ubn_1901-2018_unzipped,,,,,,1999-01-01,2019-12-31,False,False,True,True,True,False,False,True,False,True,False,False,False,,,1.0,100_256_230_100_267_25,historic_runs,Göttingen
210,True,fixed,auto,WW_sfix_hauto,sim.json,crop.json,site.json,False,dwd/csvs,dwd/csvs/germany_ubn_1901-2018_unzipped,,,,,,1999-01-01,2019-12-31,False,False,True,True,True,False,False,True,False,True,False,False,False,,,1.0,100_256_230_100_267_25,historic_runs,Göttingen
211,True,fixed,auto,WW_sfix_hauto,sim.json,crop.json,site.json,False,dwd/csvs,dwd/csvs/germany_ubn_1901-2018_unzipped,,,,,,1999-01-01,2019-12-31,False,False,True,True,True,False,False,True,False,True,False,False,False,,,1.0,100_256_230_100_267_25,historic_runs,Göttingen
212,True,fixed,auto,WW_sfix_hauto,sim.json,crop.json,site.json,False,dwd/csvs,dwd/csvs/germany_ubn_1901-2018_unzipped,,,,,,1999-01-01,2019-12-31,False,False,True,True,True,False,False,True,False,True,False,False,False,,,1.0,100_256_230_100_267_25,historic_runs,Göttingen
213,True,fixed,auto,WW_sfix_hauto,sim.json,crop.json,site.json,False,dwd/csvs,dwd/csvs/germany_ubn_1901-2018_unzipped,,,,,,1999-01-01,2019-12-31,False,False,True,True,True,False,False,True,False,True,False,False,False,,,1.0,100_256_230_100_267_25,historic_runs,Göttingen
214,True,fixed,auto,WW_sfix_hauto,sim.json,crop.json,site.json,False,dwd/csvs,dwd/csvs/germany_ubn_1901-2018_unzipped,,,,,,1999-01-01,2019-12-31,False,False,True,True,True,False,False,True,False,True,False,False,False,,,1.0,100_256_230_100_267_25,historic_runs,Göttingen
215,True,fixed,auto,WW_sfix_hauto,sim.json,crop.json,site.json,False,dwd/csvs,dwd/csvs/germany_ubn_1901-2018_unzipped,,,,,,1999-01-01,2019-12-31,False,False,True,True,True,False,False,True,False,True,False,False,False,,,1.0,100_256_230_100_267_25,historic_runs,Göttingen
216,True,fixed,auto,WW_sfix_hauto,sim.json,crop.json,site.json,False,dwd/csvs,dwd/csvs/germany_ubn_1901-2018_unzipped,,,,,,1999-01-01,2019-12-31,False,False,True,True,True,False,False,True,False,True,False,False,False,,,1.0,100_256_230_100_267_25,historic_runs,Göttingen
217,True,fixed,auto,WW_sfix_hauto,sim.json,crop.json,site.json,False,dwd/csvs,dwd/csvs/germany_ubn_1901-2018_unzipped,,,,,,1999-01-01,2019-12-31,False,False,True,True,True,False,False,True,False,True,False,False,False,,,1.0,100_256_230_100_267_25,historic_runs,Göttingen
218,True,fixed,auto,WW_sfix_hauto,sim.json,crop.json,site.json,False,dwd/csvs,dwd/csvs/germany_ubn_1901-2018_unzipped,,,,,,1999-01-01,2019-12-31,False,False,True,True,True,False,False,True,False,True,False,False,False,,,1.0,100_256_230_100_267_25,historic_runs,Göttingen
219,True,fixed,auto,WW_sfix_hauto,sim.json,crop.json,site.json,False,dwd/csvs,dwd/csvs/germany_ubn_1901-2018_unzipped,,,,,,1999-01-01,2019-12-31,False,False,True,True,True,False,False,True,False,True,False,False,False,,,1.0,100_256_230_100_267_25,historic_runs,Göttingen
220,True,fixed,auto,WW_sfix_hauto,sim.json,crop.json,site.json,False,dwd/csvs,dwd/csvs/germany_ubn_1901-2018_unzipped,,,,,,1999-01-01,2019-12-31,False,False,True,True,True,False,False,True,False,True,False,False,False,,,1.0,100_256_230_100_267_25,historic_runs,Göttingen
221,True,fixed,auto,WW_sfix_hauto,sim.json,crop.json,site.json,False,dwd/csvs,dwd/csvs/germany_ubn_1901-2018_unzipped,,,,,,1999-01-01,2019-12-31,False,False,True,True,True,False,False,True,False,True,False,False,False,,,0.73,100_256_230_100_267_25,historic_runs,Göttingen